x_holiday,x_weekday,x_workingday,x_weathersit,x_temp,x_atemp,x_hum,x_windspeed,y
0,6,0,2,0.344167,0.363625,0.805833,0.160446,985
0,0,0,2,0.363478,0.353739,0.696087,0.248539,801
0,1,1,1,0.196364,0.189405,0.437273,0.248309,1349
0,2,1,1,0.2,0.212122,0.590435,0.160296,1562
0,3,1,1,0.226957,0.22927,0.436957,0.1869,1600
0,4,1,1,0.204348,0.233209,0.518261,0.0895652,1606
0,5,1,2,0.196522,0.208839,0.498696,0.168726,1510
0,6,0,2,0.165,0.162254,0.535833,0.266804,959
0,0,0,1,0.138333,0.116175,0.434167,0.36195,822
0,1,1,1,0.150833,0.150888,0.482917,0.223267,1321
0,2,1,2,0.169091,0.191464,0.686364,0.122132,1263
0,3,1,1,0.172727,0.160473,0.599545,0.304627,1162
0,4,1,1,0.165,0.150883,0.470417,0.301,1406
0,5,1,1,0.16087,0.188413,0.537826,0.126548,1421
0,6,0,2,0.233333,0.248112,0.49875,0.157963,1248
0,0,0,1,0.231667,0.234217,0.48375,0.188433,1204
1,1,0,2,0.175833,0.176771,0.5375,0.194017,1000
0,2,1,2,0.216667,0.232333,0.861667,0.146775,683
0,3,1,2,0.292174,0.298422,0.741739,0.208317,1650
0,4,1,2,0.261667,0.25505,0.538333,0.195904,1927
0,5,1,1,0.1775,0.157833,0.457083,0.353242,1543
0,6,0,1,0.0591304,0.0790696,0.4,0.17197,981
0,0,0,1,0.0965217,0.0988391,0.436522,0.2466,986
0,1,1,1,0.0973913,0.11793,0.491739,0.15833,1416
0,2,1,2,0.223478,0.234526,0.616957,0.129796,1985
0,3,1,3,0.2175,0.2036,0.8625,0.29385,506
0,4,1,1,0.195,0.2197,0.6875,0.113837,431
0,5,1,2,0.203478,0.223317,0.793043,0.1233,1167
0,6,0,1,0.196522,0.212126,0.651739,0.145365,1098
0,0,0,1,0.216522,0.250322,0.722174,0.0739826,1096
0,1,1,2,0.180833,0.18625,0.60375,0.187192,1501
0,2,1,2,0.192174,0.23453,0.829565,0.053213,1360
0,3,1,2,0.26,0.254417,0.775417,0.264308,1526
0,4,1,1,0.186957,0.177878,0.437826,0.277752,1550
0,5,1,2,0.211304,0.228587,0.585217,0.127839,1708
0,6,0,2,0.233333,0.243058,0.929167,0.161079,1005
0,0,0,1,0.285833,0.291671,0.568333,0.1418,1623
0,1,1,1,0.271667,0.303658,0.738333,0.0454083,1712
0,2,1,1,0.220833,0.198246,0.537917,0.36195,1530
0,3,1,2,0.134783,0.144283,0.494783,0.188839,1605
0,4,1,1,0.144348,0.149548,0.437391,0.221935,1538
0,5,1,1,0.189091,0.213509,0.506364,0.10855,1746
0,6,0,1,0.2225,0.232954,0.544167,0.203367,1472
0,0,0,1,0.316522,0.324113,0.457391,0.260883,1589
0,1,1,1,0.415,0.39835,0.375833,0.417908,1913
0,2,1,1,0.266087,0.254274,0.314348,0.291374,1815
0,3,1,1,0.318261,0.3162,0.423478,0.251791,2115
0,4,1,1,0.435833,0.428658,0.505,0.230104,2475
0,5,1,1,0.521667,0.511983,0.516667,0.264925,2927
0,6,0,1,0.399167,0.391404,0.187917,0.507463,1635
0,0,0,1,0.285217,0.27733,0.407826,0.223235,1812
1,1,0,2,0.303333,0.284075,0.605,0.307846,1107
0,2,1,1,0.182222,0.186033,0.577778,0.195683,1450
0,3,1,1,0.221739,0.245717,0.423043,0.094113,1917
0,4,1,2,0.295652,0.289191,0.697391,0.250496,1807
0,5,1,2,0.364348,0.350461,0.712174,0.346539,1461
0,6,0,1,0.2825,0.282192,0.537917,0.186571,1969
0,0,0,1,0.343478,0.351109,0.68,0.125248,2402
0,1,1,2,0.407273,0.400118,0.876364,0.289686,1446
0,2,1,1,0.266667,0.263879,0.535,0.216425,1851
0,3,1,1,0.335,0.320071,0.449583,0.307833,2134
0,4,1,1,0.198333,0.200133,0.318333,0.225754,1685
0,5,1,2,0.261667,0.255679,0.610417,0.203346,1944
0,6,0,2,0.384167,0.378779,0.789167,0.251871,2077
0,0,0,2,0.376522,0.366252,0.948261,0.343287,605
0,1,1,1,0.261739,0.238461,0.551304,0.341352,1872
0,2,1,1,0.2925,0.3024,0.420833,0.12065,2133
0,3,1,2,0.295833,0.286608,0.775417,0.22015,1891
0,4,1,3,0.389091,0.385668,0,0.261877,623
0,5,1,2,0.316522,0.305,0.649565,0.23297,1977
0,6,0,1,0.329167,0.32575,0.594583,0.220775,2132
0,0,0,1,0.384348,0.380091,0.527391,0.270604,2417
0,1,1,1,0.325217,0.332,0.496957,0.136926,2046
0,2,1,2,0.317391,0.318178,0.655652,0.184309,2056
0,3,1,2,0.365217,0.36693,0.776522,0.203117,2192
0,4,1,1,0.415,0.410333,0.602917,0.209579,2744
0,5,1,1,0.54,0.527009,0.525217,0.231017,3239
0,6,0,1,0.4725,0.466525,0.379167,0.368167,3117
0,0,0,1,0.3325,0.32575,0.47375,0.207721,2471
0,1,1,2,0.430435,0.409735,0.737391,0.288783,2077
0,2,1,1,0.441667,0.440642,0.624583,0.22575,2703
0,3,1,2,0.346957,0.337939,0.839565,0.234261,2121
0,4,1,2,0.285,0.270833,0.805833,0.243787,1865
0,5,1,1,0.264167,0.256312,0.495,0.230725,2210
0,6,0,1,0.265833,0.257571,0.394167,0.209571,2496
0,0,0,2,0.253043,0.250339,0.493913,0.1843,1693
0,1,1,1,0.264348,0.257574,0.302174,0.212204,2028
0,2,1,1,0.3025,0.292908,0.314167,0.226996,2425
0,3,1,2,0.3,0.29735,0.646667,0.172888,1536
0,4,1,3,0.268333,0.257575,0.918333,0.217646,1685
0,5,1,2,0.3,0.283454,0.68625,0.258708,2227
0,6,0,2,0.315,0.315637,0.65375,0.197146,2252
0,0,0,1,0.378333,0.378767,0.48,0.182213,3249
0,1,1,1,0.573333,0.542929,0.42625,0.385571,3115
0,2,1,2,0.414167,0.39835,0.642083,0.388067,1795
0,3,1,1,0.390833,0.387608,0.470833,0.263063,2808
0,4,1,1,0.4375,0.433696,0.602917,0.162312,3141
0,5,1,2,0.335833,0.324479,0.83625,0.226992,1471
0,6,0,2,0.3425,0.341529,0.8775,0.133083,2455
0,0,0,2,0.426667,0.426737,0.8575,0.146767,2895
0,1,1,2,0.595652,0.565217,0.716956,0.324474,3348
0,2,1,2,0.5025,0.493054,0.739167,0.274879,2034
0,3,1,2,0.4125,0.417283,0.819167,0.250617,2162
0,4,1,1,0.4675,0.462742,0.540417,0.1107,3267
1,5,0,1,0.446667,0.441913,0.67125,0.226375,3126
0,6,0,3,0.430833,0.425492,0.888333,0.340808,795
0,0,0,1,0.456667,0.445696,0.479583,0.303496,3744
0,1,1,1,0.5125,0.503146,0.5425,0.163567,3429
0,2,1,2,0.505833,0.489258,0.665833,0.157971,3204
0,3,1,1,0.595,0.564392,0.614167,0.241925,3944
0,4,1,1,0.459167,0.453892,0.407083,0.325258,4189
0,5,1,2,0.336667,0.321954,0.729583,0.219521,1683
0,6,0,2,0.46,0.450121,0.887917,0.230725,4036
0,0,0,2,0.581667,0.551763,0.810833,0.192175,4191
0,1,1,1,0.606667,0.5745,0.776667,0.185333,4073
0,2,1,1,0.631667,0.594083,0.729167,0.3265,4400
0,3,1,2,0.62,0.575142,0.835417,0.3122,3872
0,4,1,2,0.6175,0.578929,0.700833,0.320908,4058
0,5,1,1,0.51,0.497463,0.457083,0.240063,4595
0,6,0,1,0.4725,0.464021,0.503333,0.235075,5312
0,0,0,2,0.451667,0.448204,0.762083,0.106354,3351
0,1,1,2,0.549167,0.532833,0.73,0.183454,4401
0,2,1,2,0.616667,0.582079,0.697083,0.342667,4451
0,3,1,2,0.414167,0.40465,0.737083,0.328996,2633
0,4,1,1,0.459167,0.441917,0.444167,0.295392,4433
0,5,1,1,0.479167,0.474117,0.59,0.228246,4608
0,6,0,1,0.52,0.512621,0.54125,0.16045,4714
0,0,0,1,0.528333,0.518933,0.631667,0.0746375,4333
0,1,1,1,0.5325,0.525246,0.58875,0.176,4362
0,2,1,1,0.5325,0.522721,0.489167,0.115671,4803
0,3,1,1,0.5425,0.5284,0.632917,0.120642,4182
0,4,1,1,0.535,0.523363,0.7475,0.189667,4864
0,5,1,2,0.5125,0.4943,0.863333,0.179725,4105
0,6,0,2,0.520833,0.500629,0.9225,0.13495,3409
0,0,0,2,0.5625,0.536,0.867083,0.152979,4553
0,1,1,1,0.5775,0.550512,0.787917,0.126871,3958
0,2,1,2,0.561667,0.538529,0.837917,0.277354,4123
0,3,1,2,0.55,0.527158,0.87,0.201492,3855
0,4,1,2,0.530833,0.510742,0.829583,0.108213,4575
0,5,1,1,0.536667,0.529042,0.719583,0.125013,4917
0,6,0,1,0.6025,0.571975,0.626667,0.12065,5805
0,0,0,1,0.604167,0.5745,0.749583,0.148008,4660
0,1,1,2,0.631667,0.590296,0.81,0.233842,4274
0,2,1,2,0.66,0.604813,0.740833,0.207092,4492
0,3,1,1,0.660833,0.615542,0.69625,0.154233,4978
0,4,1,1,0.708333,0.654688,0.6775,0.199642,4677
0,5,1,1,0.681667,0.637008,0.65375,0.240679,4679
0,6,0,1,0.655833,0.612379,0.729583,0.230092,4758
0,0,0,1,0.6675,0.61555,0.81875,0.213938,4788
1,1,0,1,0.733333,0.671092,0.685,0.131225,4098
0,2,1,1,0.775,0.725383,0.636667,0.111329,3982
0,3,1,2,0.764167,0.720967,0.677083,0.207092,3974
0,4,1,1,0.715,0.643942,0.305,0.292287,4968
0,5,1,1,0.62,0.587133,0.354167,0.253121,5312
0,6,0,1,0.635,0.594696,0.45625,0.123142,5342
0,0,0,2,0.648333,0.616804,0.6525,0.138692,4906
0,1,1,1,0.678333,0.621858,0.6,0.121896,4548
0,2,1,1,0.7075,0.65595,0.597917,0.187808,4833
0,3,1,1,0.775833,0.727279,0.622083,0.136817,4401
0,4,1,2,0.808333,0.757579,0.568333,0.149883,3915
0,5,1,1,0.755,0.703292,0.605,0.140554,4586
0,6,0,1,0.725,0.678038,0.654583,0.15485,4966
0,0,0,1,0.6925,0.643325,0.747917,0.163567,4460
0,1,1,1,0.635,0.601654,0.494583,0.30535,5020
0,2,1,1,0.604167,0.591546,0.507083,0.269283,4891
0,3,1,1,0.626667,0.587754,0.471667,0.167912,5180
0,4,1,2,0.628333,0.595346,0.688333,0.206471,3767
0,5,1,1,0.649167,0.600383,0.735833,0.143029,4844
0,6,0,1,0.696667,0.643954,0.670417,0.119408,5119
0,0,0,2,0.699167,0.645846,0.666667,0.102,4744
0,1,1,2,0.635,0.595346,0.74625,0.155475,4010
0,2,1,2,0.680833,0.637646,0.770417,0.171025,4835
0,3,1,1,0.733333,0.693829,0.7075,0.172262,4507
0,4,1,2,0.728333,0.693833,0.703333,0.238804,4790
0,5,1,1,0.724167,0.656583,0.573333,0.222025,4991
0,6,0,1,0.695,0.643313,0.483333,0.209571,5202
0,0,0,1,0.68,0.637629,0.513333,0.0945333,5305
0,1,1,2,0.6825,0.637004,0.658333,0.107588,4708
0,2,1,1,0.744167,0.692558,0.634167,0.144283,4648
0,3,1,1,0.728333,0.654688,0.497917,0.261821,5225
0,4,1,1,0.696667,0.637008,0.434167,0.185312,5515
0,5,1,1,0.7225,0.652162,0.39625,0.102608,5362
0,6,0,1,0.738333,0.667308,0.444583,0.115062,5119
0,0,0,2,0.716667,0.668575,0.6825,0.228858,4649
1,1,0,2,0.726667,0.665417,0.637917,0.0814792,6043
0,2,1,1,0.746667,0.696338,0.590417,0.126258,4665
0,3,1,1,0.72,0.685633,0.743333,0.149883,4629
0,4,1,1,0.75,0.686871,0.65125,0.1592,4592
0,5,1,2,0.709167,0.670483,0.757917,0.225129,4040
0,6,0,1,0.733333,0.664158,0.609167,0.167912,5336
0,0,0,1,0.7475,0.690025,0.578333,0.183471,4881
0,1,1,1,0.7625,0.729804,0.635833,0.282337,4086
0,2,1,1,0.794167,0.739275,0.559167,0.200254,4258
0,3,1,1,0.746667,0.689404,0.631667,0.146133,4342
0,4,1,1,0.680833,0.635104,0.47625,0.240667,5084
0,5,1,1,0.663333,0.624371,0.59125,0.182833,5538
0,6,0,1,0.686667,0.638263,0.585,0.208342,5923
0,0,0,1,0.719167,0.669833,0.604167,0.245033,5302
0,1,1,1,0.746667,0.703925,0.65125,0.215804,4458
0,2,1,1,0.776667,0.747479,0.650417,0.1306,4541
0,3,1,1,0.768333,0.74685,0.707083,0.113817,4332
0,4,1,2,0.815,0.826371,0.69125,0.222021,3784
0,5,1,1,0.848333,0.840896,0.580417,0.1331,3387
0,6,0,1,0.849167,0.804287,0.5,0.131221,3285
0,0,0,1,0.83,0.794829,0.550833,0.169171,3606
0,1,1,1,0.743333,0.720958,0.757083,0.0908083,3840
0,2,1,1,0.771667,0.696979,0.540833,0.200258,4590
0,3,1,1,0.775,0.690667,0.402917,0.183463,4656
0,4,1,1,0.779167,0.7399,0.583333,0.178479,4390
0,5,1,1,0.838333,0.785967,0.5425,0.174138,3846
0,6,0,1,0.804167,0.728537,0.465833,0.168537,4475
0,0,0,1,0.805833,0.729796,0.480833,0.164813,4302
0,1,1,1,0.771667,0.703292,0.550833,0.156717,4266
0,2,1,1,0.783333,0.707071,0.49125,0.20585,4845
0,3,1,2,0.731667,0.679937,0.6575,0.135583,3574
0,4,1,2,0.71,0.664788,0.7575,0.19715,4576
0,5,1,1,0.710833,0.656567,0.630833,0.184696,4866
0,6,0,2,0.716667,0.676154,0.755,0.22825,4294
0,0,0,1,0.7425,0.715292,0.752917,0.201487,3785
0,1,1,1,0.765,0.703283,0.592083,0.192175,4326
0,2,1,1,0.775,0.724121,0.570417,0.151121,4602
0,3,1,1,0.766667,0.684983,0.424167,0.200258,4780
0,4,1,1,0.7175,0.651521,0.42375,0.164796,4792
0,5,1,1,0.708333,0.654042,0.415,0.125621,4905
0,6,0,2,0.685833,0.645858,0.729583,0.211454,4150
0,0,0,2,0.676667,0.624388,0.8175,0.222633,3820
0,1,1,1,0.665833,0.616167,0.712083,0.208954,4338
0,2,1,1,0.700833,0.645837,0.578333,0.236329,4725
0,3,1,1,0.723333,0.666671,0.575417,0.143667,4694
0,4,1,1,0.711667,0.662258,0.654583,0.233208,3805
0,5,1,2,0.685,0.633221,0.722917,0.139308,4153
0,6,0,1,0.6975,0.648996,0.674167,0.104467,5191
0,0,0,1,0.710833,0.675525,0.77,0.248754,3873
0,1,1,1,0.691667,0.638254,0.47,0.27675,4758
0,2,1,1,0.640833,0.606067,0.455417,0.146763,5895
0,3,1,1,0.673333,0.630692,0.605,0.253108,5130
0,4,1,2,0.684167,0.645854,0.771667,0.210833,3542
0,5,1,1,0.7,0.659733,0.76125,0.0839625,4661
0,6,0,2,0.68,0.635556,0.85,0.375617,1115
0,0,0,1,0.707059,0.647959,0.561765,0.304659,4334
0,1,1,1,0.636667,0.607958,0.554583,0.159825,4634
0,2,1,1,0.639167,0.594704,0.548333,0.125008,5204
0,3,1,1,0.656667,0.611121,0.597917,0.0833333,5058
0,4,1,1,0.655,0.614921,0.639167,0.141796,5115
0,5,1,2,0.643333,0.604808,0.727083,0.139929,4727
0,6,0,1,0.669167,0.633213,0.716667,0.185325,4484
0,0,0,1,0.709167,0.665429,0.742083,0.206467,4940
1,1,0,2,0.673333,0.625646,0.790417,0.212696,3351
0,2,1,3,0.54,0.5152,0.886957,0.343943,2710
0,3,1,3,0.599167,0.544229,0.917083,0.0970208,1996
0,4,1,3,0.633913,0.555361,0.939565,0.192748,1842
0,5,1,2,0.65,0.578946,0.897917,0.124379,3544
0,6,0,1,0.66,0.607962,0.75375,0.153608,5345
0,0,0,1,0.653333,0.609229,0.71375,0.115054,5046
0,1,1,1,0.644348,0.60213,0.692174,0.088913,4713
0,2,1,1,0.650833,0.603554,0.7125,0.141804,4763
0,3,1,1,0.673333,0.6269,0.697083,0.1673,4785
0,4,1,2,0.5775,0.553671,0.709167,0.271146,3659
0,5,1,2,0.469167,0.461475,0.590417,0.164183,4760
0,6,0,2,0.491667,0.478512,0.718333,0.189675,4511
0,0,0,1,0.5075,0.490537,0.695,0.178483,4274
0,1,1,2,0.549167,0.529675,0.69,0.151742,4539
0,2,1,2,0.561667,0.532217,0.88125,0.134954,3641
0,3,1,2,0.595,0.550533,0.9,0.0964042,4352
0,4,1,2,0.628333,0.554963,0.902083,0.128125,4795
0,5,1,2,0.609167,0.522125,0.9725,0.0783667,2395
0,6,0,2,0.606667,0.564412,0.8625,0.0783833,5423
0,0,0,2,0.634167,0.572637,0.845,0.0503792,5010
0,1,1,2,0.649167,0.589042,0.848333,0.1107,4630
0,2,1,2,0.636667,0.574525,0.885417,0.118171,4120
0,3,1,2,0.635,0.575158,0.84875,0.148629,3907
0,4,1,1,0.616667,0.574512,0.699167,0.172883,4839
0,5,1,1,0.564167,0.544829,0.6475,0.206475,5202
0,6,0,2,0.41,0.412863,0.75375,0.292296,2429
0,0,0,2,0.356667,0.345317,0.791667,0.222013,2918
0,1,1,2,0.384167,0.392046,0.760833,0.0833458,3570
0,2,1,1,0.484167,0.472858,0.71,0.205854,4456
0,3,1,1,0.538333,0.527138,0.647917,0.17725,4826
0,4,1,1,0.494167,0.480425,0.620833,0.134954,4765
0,5,1,1,0.510833,0.504404,0.684167,0.0223917,4985
0,6,0,1,0.521667,0.513242,0.70125,0.0454042,5409
0,0,0,1,0.540833,0.523983,0.7275,0.06345,5511
1,1,0,1,0.570833,0.542925,0.73375,0.0423042,5117
0,2,1,2,0.566667,0.546096,0.80875,0.143042,4563
0,3,1,3,0.543333,0.517717,0.90625,0.24815,2416
0,4,1,2,0.589167,0.551804,0.896667,0.141787,2913
0,5,1,2,0.550833,0.529675,0.71625,0.223883,3644
0,6,0,1,0.506667,0.498725,0.483333,0.258083,5217
0,0,0,1,0.511667,0.503154,0.486667,0.281717,5041
0,1,1,1,0.534167,0.510725,0.579583,0.175379,4570
0,2,1,2,0.5325,0.522721,0.701667,0.110087,4748
0,3,1,3,0.541739,0.513848,0.895217,0.243339,2424
0,4,1,1,0.475833,0.466525,0.63625,0.422275,4195
0,5,1,1,0.4275,0.423596,0.574167,0.221396,4304
0,6,0,1,0.4225,0.425492,0.629167,0.0926667,4308
0,0,0,1,0.421667,0.422333,0.74125,0.0995125,4381
0,1,1,1,0.463333,0.457067,0.772083,0.118792,4187
0,2,1,1,0.471667,0.463375,0.622917,0.166658,4687
0,3,1,2,0.484167,0.472846,0.720417,0.148642,3894
0,4,1,2,0.47,0.457046,0.812917,0.197763,2659
0,5,1,2,0.330833,0.318812,0.585833,0.229479,3747
0,6,0,3,0.254167,0.227913,0.8825,0.351371,627
0,0,0,1,0.319167,0.321329,0.62375,0.176617,3331
0,1,1,1,0.34,0.356063,0.703333,0.10635,3669
0,2,1,1,0.400833,0.397088,0.68375,0.135571,4068
0,3,1,1,0.3775,0.390133,0.71875,0.0820917,4186
0,4,1,1,0.408333,0.405921,0.702083,0.136817,3974
0,5,1,2,0.403333,0.403392,0.6225,0.271779,4046
0,6,0,1,0.326667,0.323854,0.519167,0.189062,3926
0,0,0,1,0.348333,0.362358,0.734583,0.0920542,3649
0,1,1,1,0.395,0.400871,0.75875,0.057225,4035
0,2,1,1,0.408333,0.412246,0.721667,0.0690375,4205
0,3,1,1,0.4,0.409079,0.758333,0.0621958,4109
0,4,1,2,0.38,0.373721,0.813333,0.189067,2933
1,5,0,1,0.324167,0.306817,0.44625,0.314675,3368
0,6,0,1,0.356667,0.357942,0.552917,0.212062,4067
0,0,0,1,0.440833,0.43055,0.458333,0.281721,3717
0,1,1,1,0.53,0.524612,0.587083,0.306596,4486
0,2,1,2,0.53,0.507579,0.68875,0.199633,4195
0,3,1,3,0.456667,0.451988,0.93,0.136829,1817
0,4,1,2,0.341667,0.323221,0.575833,0.305362,3053
0,5,1,1,0.274167,0.272721,0.41,0.168533,3392
0,6,0,1,0.329167,0.324483,0.502083,0.224496,3663
0,0,0,2,0.463333,0.457058,0.684583,0.18595,3520
0,1,1,3,0.4475,0.445062,0.91,0.138054,2765
0,2,1,3,0.416667,0.421696,0.9625,0.118792,1607
0,3,1,2,0.440833,0.430537,0.757917,0.335825,2566
1,4,0,1,0.373333,0.372471,0.549167,0.167304,1495
0,5,1,1,0.375,0.380671,0.64375,0.0988958,2792
0,6,0,1,0.375833,0.385087,0.681667,0.0684208,3068
0,0,0,1,0.459167,0.4558,0.698333,0.208954,3071
0,1,1,1,0.503478,0.490122,0.743043,0.142122,3867
0,2,1,2,0.458333,0.451375,0.830833,0.258092,2914
0,3,1,1,0.325,0.311221,0.613333,0.271158,3613
0,4,1,1,0.3125,0.305554,0.524583,0.220158,3727
0,5,1,1,0.314167,0.331433,0.625833,0.100754,3940
0,6,0,1,0.299167,0.310604,0.612917,0.0957833,3614
0,0,0,1,0.330833,0.3491,0.775833,0.0839583,3485
0,1,1,2,0.385833,0.393925,0.827083,0.0622083,3811
0,2,1,3,0.4625,0.4564,0.949583,0.232583,2594
0,3,1,3,0.41,0.400246,0.970417,0.266175,705
0,4,1,1,0.265833,0.256938,0.58,0.240058,3322
0,5,1,1,0.290833,0.317542,0.695833,0.0827167,3620
0,6,0,1,0.275,0.266412,0.5075,0.233221,3190
0,0,0,1,0.220833,0.253154,0.49,0.0665417,2743
0,1,1,1,0.238333,0.270196,0.670833,0.06345,3310
0,2,1,1,0.2825,0.301138,0.59,0.14055,3523
0,3,1,2,0.3175,0.338362,0.66375,0.0609583,3740
0,4,1,2,0.4225,0.412237,0.634167,0.268042,3709
0,5,1,2,0.375,0.359825,0.500417,0.260575,3577
0,6,0,2,0.258333,0.249371,0.560833,0.243167,2739
0,0,0,1,0.238333,0.245579,0.58625,0.169779,2431
0,1,1,1,0.276667,0.280933,0.6375,0.172896,3403
0,2,1,2,0.385833,0.396454,0.595417,0.0615708,3750
0,3,1,2,0.428333,0.428017,0.858333,0.2214,2660
0,4,1,2,0.423333,0.426121,0.7575,0.047275,3068
0,5,1,1,0.373333,0.377513,0.68625,0.274246,2209
0,6,0,1,0.3025,0.299242,0.5425,0.190304,1011
0,0,0,1,0.274783,0.279961,0.681304,0.155091,754
1,1,0,1,0.321739,0.315535,0.506957,0.239465,1317
0,2,1,2,0.325,0.327633,0.7625,0.18845,1162
0,3,1,1,0.29913,0.279974,0.503913,0.293961,2302
0,4,1,1,0.248333,0.263892,0.574167,0.119412,2423
0,5,1,1,0.311667,0.318812,0.636667,0.134337,2999
0,6,0,1,0.41,0.414121,0.615833,0.220154,2485
0,0,0,1,0.37,0.375621,0.6925,0.192167,1395.162267
1,1,0,1,0.273043,0.252304,0.381304,0.329665,1186.556924
0,2,1,1,0.15,0.126275,0.44125,0.365671,1359.887894
0,3,1,2,0.1075,0.119337,0.414583,0.1847,1440.167502
0,4,1,1,0.265833,0.278412,0.524167,0.129987,1989.961176
0,5,1,1,0.334167,0.340267,0.542083,0.167908,2492.316901
0,6,0,1,0.393333,0.390779,0.531667,0.174758,2749.576552
0,0,0,1,0.3375,0.340258,0.465,0.191542,2083.012539
0,1,1,2,0.224167,0.247479,0.701667,0.0989,1445.032933
0,2,1,1,0.308696,0.318826,0.646522,0.187552,2188.227479
0,3,1,2,0.274167,0.282821,0.8475,0.131221,1324.005343
0,4,1,2,0.3825,0.381938,0.802917,0.180967,2491.708722
0,5,1,1,0.274167,0.249362,0.5075,0.378108,1954.686803
0,6,0,1,0.18,0.183087,0.4575,0.187183,1516.189857
0,0,0,1,0.166667,0.161625,0.419167,0.251258,1405.501308
1,1,0,1,0.19,0.190663,0.5225,0.231358,1397.594983
0,2,1,2,0.373043,0.364278,0.716087,0.34913,1785.004906
0,3,1,1,0.303333,0.275254,0.443333,0.415429,2053.211776
0,4,1,1,0.19,0.190038,0.4975,0.220158,2002.124753
0,5,1,2,0.2175,0.220958,0.45,0.20275,1923.669682
0,6,0,2,0.173333,0.174875,0.83125,0.222642,791.2406756
0,0,0,2,0.1625,0.16225,0.79625,0.199638,1202.369574
0,1,1,2,0.218333,0.243058,0.91125,0.110708,1479.090948
0,2,1,1,0.3425,0.349108,0.835833,0.123767,2638.888003
0,3,1,1,0.294167,0.294821,0.64375,0.161071,2596.923662
0,4,1,2,0.341667,0.35605,0.769583,0.0733958,2478.328788
0,5,1,2,0.425,0.415383,0.74125,0.342667,2101.866084
0,6,0,1,0.315833,0.326379,0.543333,0.210829,2446.703488
0,0,0,1,0.2825,0.272721,0.31125,0.24005,1972.32399
0,1,1,1,0.269167,0.262625,0.400833,0.215792,2204.040129
0,2,1,1,0.39,0.381317,0.416667,0.261817,2742.278406
0,3,1,1,0.469167,0.466538,0.507917,0.189067,2784.850925
0,4,1,2,0.399167,0.398971,0.672917,0.187187,2287.360631
0,5,1,1,0.313333,0.309346,0.526667,0.178496,2524.55038
0,6,0,2,0.264167,0.272725,0.779583,0.121896,1722.362485
0,0,0,2,0.265833,0.264521,0.687917,0.175996,1792.303052
0,1,1,1,0.282609,0.296426,0.622174,0.1538,2301.348744
0,2,1,1,0.354167,0.361104,0.49625,0.147379,2660.782441
0,3,1,2,0.256667,0.266421,0.722917,0.133721,1704.11712
0,4,1,1,0.265,0.261988,0.562083,0.194037,2329.324971
0,5,1,2,0.280833,0.293558,0.54,0.116929,2329.93315
0,6,0,3,0.224167,0.210867,0.73125,0.289796,1319.139912
0,0,0,1,0.1275,0.101658,0.464583,0.409212,929.9054519
0,1,1,1,0.2225,0.227913,0.41125,0.167283,2081.188003
0,2,1,2,0.319167,0.333946,0.50875,0.141179,2385.277425
0,3,1,1,0.348333,0.351629,0.53125,0.1816,2535.497599
0,4,1,2,0.316667,0.330162,0.752917,0.091425,1827.577425
0,5,1,1,0.343333,0.351629,0.634583,0.205846,2526.374917
0,6,0,1,0.346667,0.355425,0.534583,0.190929,2626.116247
0,0,0,2,0.28,0.265788,0.515833,0.253112,1635.392911
1,1,0,1,0.28,0.273391,0.507826,0.229083,1902.991602
0,2,1,1,0.287826,0.295113,0.594348,0.205717,2297.091492
0,3,1,1,0.395833,0.392667,0.567917,0.234471,2902.837621
0,4,1,1,0.454167,0.444446,0.554583,0.190913,3078.601307
0,5,1,2,0.4075,0.410971,0.7375,0.237567,2120.719628
0,6,0,1,0.290833,0.255675,0.395833,0.421642,1661.544601
0,0,0,1,0.279167,0.268308,0.41,0.205229,2061.118101
0,1,1,1,0.366667,0.357954,0.490833,0.268033,2628.548962
0,2,1,1,0.359167,0.353525,0.395833,0.193417,2653.484295
0,3,1,2,0.344348,0.34847,0.804783,0.179117,1115.399999
0,4,1,1,0.485833,0.475371,0.615417,0.226987,3034.81243
0,5,1,2,0.353333,0.359842,0.657083,0.144904,1942.523227
0,6,0,2,0.414167,0.413492,0.62125,0.161079,2472.855178
0,0,0,1,0.325833,0.303021,0.403333,0.334571,2081.796182
0,1,1,1,0.243333,0.241171,0.50625,0.228858,2027.060086
0,2,1,1,0.258333,0.255042,0.456667,0.200875,2405.955505
0,3,1,1,0.404167,0.3851,0.513333,0.345779,2989.807195
0,4,1,1,0.5275,0.524604,0.5675,0.441563,3273.218537
0,5,1,2,0.410833,0.397083,0.407083,0.4148,2778.769137
0,6,0,1,0.2875,0.277767,0.350417,0.22575,2504.480478
0,0,0,1,0.361739,0.35967,0.476957,0.222587,2986.766301
0,1,1,1,0.466667,0.459592,0.489167,0.207713,3222.131514
0,2,1,1,0.565,0.542929,0.6175,0.23695,3556.021699
0,3,1,1,0.5725,0.548617,0.507083,0.115062,3838.824861
0,4,1,1,0.5575,0.532825,0.579583,0.149883,3765.8434
0,5,1,2,0.435833,0.436229,0.842083,0.113192,2662.606977
0,6,0,2,0.514167,0.505046,0.755833,0.110704,4765.689419
0,0,0,2,0.4725,0.464,0.81,0.126883,3583.389747
0,1,1,1,0.545,0.532821,0.72875,0.162317,3742.124425
0,2,1,1,0.560833,0.538533,0.807917,0.121271,3705.633694
0,3,1,2,0.531667,0.513258,0.82125,0.0895583,3788.954196
0,4,1,1,0.554167,0.531567,0.83125,0.117562,4178.796835
0,5,1,2,0.601667,0.570067,0.694167,0.1163,5085.591491
0,6,0,2,0.5025,0.486733,0.885417,0.192783,2050.779061
0,0,0,2,0.4375,0.437488,0.880833,0.220775,3038.461503
0,1,1,1,0.445833,0.43875,0.477917,0.386821,3380.258013
0,2,1,1,0.323333,0.315654,0.29,0.187192,3102.92846
0,3,1,1,0.484167,0.47095,0.48125,0.291671,3465.403051
0,4,1,1,0.494167,0.482304,0.439167,0.31965,3729.960848
0,5,1,2,0.37,0.375621,0.580833,0.138067,3320.048307
0,6,0,2,0.424167,0.421708,0.738333,0.250617,3791.99509
0,0,0,2,0.425833,0.417287,0.67625,0.172267,3674.008394
0,1,1,1,0.433913,0.427513,0.504348,0.312139,3610.149616
0,2,1,1,0.466667,0.461483,0.396667,0.100133,4118.587129
0,3,1,1,0.541667,0.53345,0.469583,0.180975,3914.239038
0,4,1,1,0.435,0.431163,0.374167,0.219529,3927.010793
0,5,1,1,0.403333,0.390767,0.377083,0.300388,3928.83533
0,6,0,1,0.4375,0.426129,0.254167,0.274871,4170.282331
0,0,0,1,0.5,0.492425,0.275833,0.232596,3143.676443
0,1,1,1,0.489167,0.476638,0.3175,0.358196,3396.678842
0,2,1,1,0.446667,0.436233,0.435,0.249375,3599.202397
0,3,1,1,0.348696,0.337274,0.469565,0.295274,2956.965538
0,4,1,1,0.3975,0.387604,0.46625,0.290429,3289.639365
0,5,1,1,0.4425,0.431808,0.408333,0.155471,3891.128242
0,6,0,1,0.495,0.487996,0.502917,0.190917,4537.014174
0,0,0,1,0.606667,0.573875,0.507917,0.225129,4337.531513
1,1,0,1,0.664167,0.614925,0.561667,0.284829,3874.099234
0,2,1,1,0.608333,0.598487,0.390417,0.273629,4069.324643
0,3,1,2,0.463333,0.457038,0.569167,0.167912,2655.91701
0,4,1,1,0.498333,0.493046,0.6125,0.0659292,3992.694109
0,5,1,1,0.526667,0.515775,0.694583,0.149871,4433.62377
0,6,0,1,0.57,0.542921,0.682917,0.283587,4028.57666
0,0,0,3,0.396667,0.389504,0.835417,0.344546,624.5996724
0,1,1,2,0.321667,0.301125,0.766667,0.303496,1954.686803
0,2,1,1,0.413333,0.405283,0.454167,0.249383,3425.871426
0,3,1,1,0.476667,0.470317,0.427917,0.118792,3768.276115
0,4,1,2,0.498333,0.483583,0.756667,0.176625,3056.706868
0,5,1,1,0.4575,0.452637,0.400833,0.347633,3790.778732
0,6,0,2,0.376667,0.377504,0.489583,0.129975,2566.51472
0,0,0,1,0.458333,0.450121,0.587083,0.116908,3833.95943
0,1,1,2,0.464167,0.457696,0.57,0.171638,3388.772517
0,2,1,2,0.613333,0.577021,0.659583,0.156096,3490.946563
0,3,1,1,0.564167,0.537896,0.797083,0.138058,3751.855286
0,4,1,2,0.56,0.537242,0.768333,0.133696,3905.116355
0,5,1,1,0.6275,0.590917,0.735417,0.162938,3829.094
0,6,0,2,0.621667,0.584608,0.756667,0.152992,4186.094981
0,0,0,2,0.5625,0.546737,0.74,0.149879,3867.409267
0,1,1,2,0.5375,0.527142,0.664167,0.230721,3815.105886
0,2,1,2,0.581667,0.557471,0.685833,0.296029,3483.648416
0,3,1,2,0.575,0.553025,0.744167,0.216412,2868.779605
0,4,1,1,0.505833,0.491783,0.552083,0.314063,3996.95136
0,5,1,1,0.533333,0.520833,0.360417,0.236937,4275.497271
0,6,0,1,0.564167,0.544817,0.480417,0.123133,4518.160629
0,0,0,1,0.6125,0.585238,0.57625,0.225117,3720.838165
0,1,1,2,0.573333,0.5499,0.789583,0.212692,1729.052452
0,2,1,2,0.611667,0.576404,0.794583,0.147392,3110.834785
0,3,1,1,0.636667,0.595975,0.697917,0.122512,4515.119735
0,4,1,1,0.593333,0.572613,0.52,0.229475,4490.792581
0,5,1,1,0.564167,0.551121,0.523333,0.136817,4645.878187
0,6,0,1,0.6,0.566908,0.45625,0.083975,5044.235329
0,0,0,1,0.620833,0.583967,0.530417,0.254367,4335.706976
0,1,1,2,0.598333,0.565667,0.81125,0.233204,2651.051579
0,2,1,2,0.615,0.580825,0.765833,0.118167,3693.470117
0,3,1,2,0.621667,0.584612,0.774583,0.102,3199.020718
0,4,1,1,0.655,0.6067,0.716667,0.172896,4117.370771
0,5,1,1,0.68,0.627529,0.747083,0.14055,4095.476333
0,6,0,1,0.6925,0.642696,0.7325,0.198992,3975.056922
0,0,0,1,0.69,0.641425,0.697083,0.215171,4008.506758
1,1,0,1,0.7125,0.6793,0.67625,0.196521,3675.224752
0,2,1,1,0.7225,0.672992,0.684583,0.2954,3492.771099
0,3,1,2,0.656667,0.611129,0.67,0.134329,4169.065973
0,4,1,1,0.68,0.631329,0.492917,0.195279,4462.816355
0,5,1,2,0.654167,0.607962,0.755417,0.237563,2509.954088
0,6,0,1,0.583333,0.566288,0.549167,0.186562,4938.41221
0,0,0,1,0.6025,0.575133,0.493333,0.184087,4647.094544
0,1,1,1,0.5975,0.578283,0.487083,0.284833,4256.035548
0,2,1,2,0.540833,0.525892,0.613333,0.209575,4257.860084
0,3,1,1,0.554167,0.542292,0.61125,0.077125,4290.701742
0,4,1,1,0.6025,0.569442,0.567083,0.15735,4557.692254
0,5,1,1,0.649167,0.597862,0.467917,0.175383,4704.871534
0,6,0,1,0.710833,0.648367,0.437083,0.144287,4560.12497
0,0,0,1,0.726667,0.663517,0.538333,0.133721,4012.76401
0,1,1,2,0.720833,0.659721,0.587917,0.207713,4052.903814
0,2,1,2,0.653333,0.597875,0.833333,0.214546,3023.865211
0,3,1,1,0.655833,0.611117,0.582083,0.343279,4513.295199
0,4,1,1,0.648333,0.624383,0.569583,0.253733,4478.020826
0,5,1,1,0.639167,0.599754,0.589583,0.176617,4661.690837
0,6,0,1,0.631667,0.594708,0.504167,0.166667,4684.193454
0,0,0,1,0.5925,0.571975,0.59875,0.144904,4243.871971
0,1,1,2,0.568333,0.544842,0.777917,0.174746,3101.103924
0,2,1,1,0.688333,0.654692,0.69,0.148017,4150.820608
0,3,1,1,0.7825,0.720975,0.592083,0.113812,3777.398798
0,4,1,1,0.805833,0.752542,0.567917,0.118787,3591.296072
0,5,1,1,0.7775,0.724121,0.57375,0.182842,3541.425407
0,6,0,1,0.731667,0.652792,0.534583,0.179721,4535.797816
0,0,0,1,0.743333,0.674254,0.479167,0.145525,4190.960412
0,1,1,1,0.715833,0.654042,0.504167,0.300383,4122.844381
0,2,1,1,0.630833,0.594704,0.373333,0.347642,4526.066954
0,3,1,1,0.6975,0.640792,0.36,0.271775,4460.991818
0,4,1,1,0.749167,0.675512,0.4225,0.17165,4183.662265
0,5,1,1,0.834167,0.786613,0.48875,0.165417,3322.481023
0,6,0,1,0.765,0.687508,0.60125,0.161071,3458.713084
0,0,0,1,0.815833,0.750629,0.51875,0.168529,3363.837184
0,1,1,1,0.781667,0.702038,0.447083,0.195267,3787.129659
0,2,1,1,0.780833,0.70265,0.492083,0.126237,4050.471099
1,3,0,1,0.789167,0.732337,0.53875,0.13495,4502.34798
0,4,1,1,0.8275,0.761367,0.457917,0.194029,3795.644163
0,5,1,1,0.828333,0.752533,0.450833,0.146142,3774.966083
0,6,0,1,0.861667,0.804913,0.492083,0.163554,2943.585603
0,0,0,1,0.8225,0.790396,0.57375,0.125629,2841.411558
0,1,1,2,0.710833,0.654054,0.683333,0.180975,3995.126824
0,2,1,2,0.720833,0.664796,0.6675,0.151737,3825.444927
0,3,1,1,0.716667,0.650271,0.633333,0.151733,4417.81112
0,4,1,1,0.715833,0.654683,0.529583,0.146775,4528.49967
0,5,1,2,0.731667,0.667933,0.485833,0.08085,4560.733148
0,6,0,2,0.703333,0.666042,0.699167,0.143679,4238.398361
0,0,0,1,0.745833,0.705196,0.717917,0.166667,3667.926606
0,1,1,1,0.763333,0.724125,0.645,0.164187,4153.861502
0,2,1,1,0.818333,0.755683,0.505833,0.114429,4127.101633
0,3,1,1,0.793333,0.745583,0.577083,0.137442,3474.525734
0,4,1,1,0.77,0.714642,0.600417,0.165429,4008.506758
0,5,1,2,0.665833,0.613025,0.844167,0.208967,3570.009812
0,6,0,3,0.595833,0.549912,0.865417,0.2133,2711.869464
0,0,0,2,0.6675,0.623125,0.7625,0.0939208,4506.605231
0,1,1,1,0.741667,0.690017,0.694167,0.138683,4236.573825
0,2,1,1,0.750833,0.70645,0.655,0.211454,4617.293781
0,3,1,1,0.724167,0.654054,0.45,0.1648,4970.645689
0,4,1,1,0.776667,0.739263,0.596667,0.284813,4172.715046
0,5,1,1,0.781667,0.734217,0.594583,0.152992,4198.866737
0,6,0,1,0.755833,0.697604,0.613333,0.15735,4065.67557
0,0,0,1,0.721667,0.667933,0.62375,0.170396,4012.155832
0,1,1,1,0.730833,0.684987,0.66875,0.153617,4321.110684
0,2,1,1,0.713333,0.662896,0.704167,0.165425,4388.618536
0,3,1,1,0.7175,0.667308,0.6775,0.141179,4609.995635
0,4,1,1,0.7525,0.707088,0.659583,0.129354,4415.986584
0,5,1,2,0.765833,0.722867,0.6425,0.215792,4363.683203
0,6,0,1,0.793333,0.751267,0.613333,0.257458,4150.212429
0,0,0,1,0.769167,0.731079,0.6525,0.290421,3323.089202
0,1,1,2,0.7525,0.710246,0.654167,0.129354,4265.15823
0,2,1,2,0.735833,0.697621,0.70375,0.116908,4423.28473
0,3,1,2,0.75,0.707717,0.672917,0.1107,4582.019408
0,4,1,1,0.755833,0.699508,0.620417,0.1561,4431.191055
0,5,1,2,0.715833,0.667942,0.715833,0.238813,3518.922789
0,6,0,2,0.6925,0.638267,0.732917,0.206479,3830.918536
0,0,0,1,0.700833,0.644579,0.530417,0.122512,3979.922353
0,1,1,1,0.720833,0.662254,0.545417,0.136212,4186.094981
0,2,1,1,0.726667,0.676779,0.686667,0.169158,4125.885275
0,3,1,1,0.706667,0.654037,0.619583,0.169771,4468.289964
0,4,1,1,0.719167,0.654688,0.519167,0.141796,4625.200106
0,5,1,1,0.723333,0.2424,0.570833,0.231354,4347.262374
0,6,0,1,0.678333,0.618071,0.603333,0.177867,4783.326605
0,0,0,2,0.635833,0.603554,0.711667,0.08645,2766.60556
0,1,1,2,0.635833,0.595967,0.734167,0.129979,3971.407849
0,2,1,1,0.649167,0.601025,0.67375,0.0727708,4260.900979
0,3,1,1,0.6675,0.621854,0.677083,0.0702833,4485.318972
0,4,1,1,0.695833,0.637008,0.635833,0.0845958,4722.508721
0,5,1,2,0.7025,0.6471,0.615,0.0721458,4611.211993
0,6,0,2,0.661667,0.618696,0.712917,0.244408,3681.306541
0,0,0,2,0.653333,0.595996,0.845833,0.228858,3195.979823
0,1,1,1,0.703333,0.654688,0.730417,0.128733,4206.773061
0,2,1,1,0.728333,0.66605,0.62,0.190925,4281.579059
0,3,1,1,0.685,0.635733,0.552083,0.112562,4681.15256
0,4,1,1,0.706667,0.652779,0.590417,0.0771167,4690.883421
0,5,1,1,0.764167,0.6894,0.5875,0.168533,4470.114501
0,6,0,2,0.753333,0.702654,0.638333,0.113187,3734.2181
0,0,0,2,0.696667,0.649,0.815,0.0640708,3533.519082
1,1,0,1,0.7075,0.661629,0.790833,0.151121,3669.751143
0,2,1,1,0.725833,0.686888,0.755,0.236321,4174.539583
0,3,1,1,0.736667,0.708983,0.74125,0.187808,4325.367936
0,4,1,2,0.696667,0.655329,0.810417,0.142421,3772.533367
0,5,1,1,0.703333,0.657204,0.73625,0.171646,4563.774043
0,6,0,2,0.659167,0.611121,0.799167,0.281104,3634.47677
0,0,0,1,0.61,0.578925,0.5475,0.224496,5003.487347
0,1,1,1,0.583333,0.565654,0.50375,0.258713,4576.545798
0,2,1,1,0.5775,0.554292,0.52,0.0920542,4723.725079
0,3,1,1,0.599167,0.570075,0.577083,0.131846,4786.367499
0,4,1,1,0.6125,0.579558,0.637083,0.0827208,4746.227696
0,5,1,1,0.633333,0.594083,0.6725,0.103863,4870.904359
0,6,0,1,0.608333,0.585867,0.501667,0.247521,5299.670444
0,0,0,1,0.58,0.563125,0.57,0.0901833,4459.77546
0,1,1,2,0.580833,0.55305,0.734583,0.151742,4177.580477
0,2,1,2,0.623333,0.565067,0.8725,0.357587,2477.11243
0,3,1,1,0.5525,0.540404,0.536667,0.215175,4616.685602
0,4,1,1,0.546667,0.532192,0.618333,0.118167,4695.140673
0,5,1,1,0.599167,0.571971,0.66875,0.154229,4966.996616
0,6,0,1,0.65,0.610488,0.646667,0.283583,5105.661392
0,0,0,1,0.529167,0.518933,0.467083,0.223258,4808.870117
0,1,1,1,0.514167,0.502513,0.492917,0.142404,4522.417881
0,2,1,1,0.55,0.544179,0.57,0.236321,4584.452123
0,3,1,1,0.635,0.596613,0.630833,0.2444,4703.046998
0,4,1,2,0.65,0.607975,0.690833,0.134342,4496.266191
0,5,1,2,0.619167,0.585863,0.69,0.164179,4509.646126
0,6,0,1,0.5425,0.530296,0.542917,0.227604,5202.970007
0,0,0,1,0.526667,0.517663,0.583333,0.134958,4189.744054
0,1,1,2,0.520833,0.512,0.649167,0.0908042,4122.236202
0,2,1,3,0.590833,0.542333,0.871667,0.104475,2821.341656
0,3,1,2,0.6575,0.599133,0.79375,0.0665458,4605.130204
0,4,1,2,0.6575,0.607975,0.722917,0.117546,4456.734566
0,5,1,1,0.615,0.580187,0.6275,0.10635,4960.306649
0,6,0,1,0.554167,0.538521,0.664167,0.268025,4844.14449
0,0,0,2,0.415833,0.419813,0.708333,0.141162,2134.707741
1,1,0,2,0.383333,0.387608,0.709583,0.189679,3331.603705
0,2,1,2,0.446667,0.438112,0.761667,0.1903,3887.479169
0,3,1,1,0.514167,0.503142,0.630833,0.187821,4677.503486
0,4,1,1,0.435,0.431167,0.463333,0.181596,4603.913846
0,5,1,1,0.4375,0.433071,0.539167,0.235092,4428.758339
0,6,0,1,0.393333,0.391396,0.494583,0.146142,4323.543399
0,0,0,1,0.521667,0.508204,0.640417,0.278612,4037.699343
0,1,1,2,0.561667,0.53915,0.7075,0.296037,3573.050706
0,2,1,1,0.468333,0.460846,0.558333,0.182221,4582.019408
0,3,1,1,0.455833,0.450108,0.692917,0.101371,4537.622352
0,4,1,2,0.5225,0.512625,0.728333,0.236937,4566.814937
0,5,1,2,0.563333,0.537896,0.815,0.134954,3298.762048
0,6,0,1,0.484167,0.472842,0.572917,0.117537,4920.166845
0,0,0,1,0.464167,0.456429,0.51,0.166054,4150.212429
0,1,1,1,0.4875,0.482942,0.568333,0.0814833,4292.526278
0,2,1,1,0.544167,0.530304,0.641667,0.0945458,4540.663247
0,3,1,1,0.5875,0.558721,0.63625,0.0727792,4678.719844
0,4,1,2,0.55,0.529688,0.800417,0.124375,4475.58811
0,5,1,2,0.545833,0.52275,0.807083,0.132467,4527.283312
0,6,0,2,0.53,0.515133,0.72,0.235692,4775.42028
0,0,0,2,0.4775,0.467771,0.694583,0.398008,2711.869464
0,1,1,3,0.44,0.4394,0.88,0.3582,13.37993456
0,2,1,2,0.318182,0.309909,0.825455,0.213009,666.5640126
0,3,1,2,0.3575,0.3611,0.666667,0.166667,3385.123444
0,4,1,2,0.365833,0.369942,0.581667,0.157346,3640.558558
0,5,1,1,0.355,0.356042,0.522083,0.266175,3556.021699
0,6,0,2,0.343333,0.323846,0.49125,0.270529,3124.822899
0,0,0,1,0.325833,0.329538,0.532917,0.179108,3105.969354
0,1,1,1,0.319167,0.308075,0.494167,0.236325,3198.412539
0,2,1,1,0.280833,0.281567,0.567083,0.173513,3458.104905
0,3,1,2,0.295833,0.274621,0.5475,0.304108,3062.180478
0,4,1,1,0.352174,0.341891,0.333478,0.347835,3232.470554
0,5,1,1,0.361667,0.355413,0.540833,0.214558,3644.207631
0,6,0,1,0.389167,0.393937,0.645417,0.0578458,3975.056922
0,0,0,1,0.420833,0.421713,0.659167,0.1275,4167.241437
1,1,0,1,0.485,0.475383,0.741667,0.173517,3812.673171
0,2,1,2,0.343333,0.323225,0.662917,0.342046,2489.884186
0,3,1,1,0.289167,0.281563,0.552083,0.199625,3341.942746
0,4,1,2,0.321667,0.324492,0.620417,0.152987,3311.533804
0,5,1,1,0.345,0.347204,0.524583,0.171025,3465.403051
0,6,0,1,0.325,0.326383,0.545417,0.179729,3423.438711
0,0,0,1,0.3425,0.337746,0.692917,0.227612,2839.587021
0,1,1,2,0.380833,0.375621,0.623333,0.235067,3344.375461
0,2,1,2,0.374167,0.380667,0.685,0.082725,3426.479605
0,3,1,1,0.353333,0.364892,0.61375,0.103246,3129.688329
1,4,0,1,0.34,0.350371,0.580417,0.0528708,1474.833696
0,5,1,1,0.368333,0.378779,0.56875,0.148021,2377.979279
0,6,0,1,0.278333,0.248742,0.404583,0.376871,1384.823227
0,0,0,1,0.245833,0.257583,0.468333,0.1505,1474.225517
0,1,1,1,0.313333,0.339004,0.535417,0.04665,3093.805778
0,2,1,2,0.291667,0.281558,0.786667,0.237562,2407.780042
0,3,1,1,0.296667,0.289762,0.50625,0.210821,3199.020718
0,4,1,1,0.28087,0.298422,0.555652,0.115522,3237.335985
0,5,1,1,0.298333,0.323867,0.649583,0.0584708,3447.157686
0,6,0,2,0.298333,0.316904,0.806667,0.0597042,3157.056377
0,0,0,2,0.3475,0.359208,0.823333,0.124379,2827.423444
0,1,1,1,0.4525,0.455796,0.7675,0.0827208,3791.386911
0,2,1,1,0.475833,0.469054,0.73375,0.174129,4017.629441
0,3,1,1,0.438333,0.428012,0.485,0.324021,3484.256595
0,4,1,1,0.255833,0.258204,0.50875,0.174754,3268.961285
0,5,1,2,0.320833,0.321958,0.764167,0.1306,3045.759649
0,6,0,2,0.381667,0.389508,0.91125,0.101379,3394.854305
0,0,0,2,0.384167,0.390146,0.905417,0.157975,1963.201307
0,1,1,2,0.435833,0.435575,0.925,0.190308,3144.284622
0,2,1,2,0.353333,0.338363,0.596667,0.296037,3345.591819
0,3,1,2,0.2975,0.297338,0.538333,0.162937,3234.903269
0,4,1,1,0.295833,0.294188,0.485833,0.174129,3364.445363
0,5,1,1,0.281667,0.294192,0.642917,0.131229,3412.491492
0,6,0,1,0.324167,0.338383,0.650417,0.10635,3069.478624
0,0,0,2,0.3625,0.369938,0.83875,0.100742,2302.565102
0,1,1,2,0.393333,0.4015,0.907083,0.0982583,2788.499998
0,2,1,1,0.410833,0.409708,0.66625,0.221404,3379.649834
0,3,1,1,0.3325,0.342162,0.625417,0.184092,3203.277969
0,4,1,2,0.33,0.335217,0.667917,0.132463,2510.562267
0,5,1,2,0.326667,0.301767,0.556667,0.374383,2203.431951
0,6,0,1,0.265833,0.236113,0.44125,0.407346,1063.704798
0,0,0,1,0.245833,0.259471,0.515417,0.133083,1086.815594
0,1,1,2,0.231304,0.2589,0.791304,0.0772304,559.5245362
1,2,0,2,0.291304,0.294465,0.734783,0.168726,616.0851686
0,3,1,3,0.243333,0.220333,0.823333,0.316546,268.20687
0,4,1,2,0.254167,0.226642,0.652917,0.350133,1285.690075
0,5,1,2,0.253333,0.255046,0.59,0.155471,1882.313521
0,6,0,2,0.253333,0.2424,0.752917,0.124383,815.5678293
0,0,0,1,0.255833,0.2317,0.483333,0.350754,1092.289203
0,1,1,2,0.215833,0.223487,0.5775,0.154846,1659.720064
